Time,FLOOR_1_ZONE:SEVILLA ANN HTG 99.6% CONDNS DB:Des Heat Load [W],FLOOR_1_ZONE:SEVILLA ANN CLG .4% CONDNS DB=>MWB:Des Sens Cool Load [W],FLOOR_1_ZONE:SEVILLA ANN HTG 99.6% CONDNS DB:Des Heat Mass Flow [kg/s],FLOOR_1_ZONE:SEVILLA ANN CLG .4% CONDNS DB=>MWB:Des Cool Mass Flow [kg/s],FLOOR_1_ZONE::Des Latent Heat Load [W],FLOOR_1_ZONE::Des Latent Cool Load [W],FLOOR_1_ZONE::Des Latent Heat Mass Flow [kg/s],FLOOR_1_ZONE::Des Latent Cool Mass Flow [kg/s],FLOOR_1_ZONE::Des Heat Load No DOAS [W],FLOOR_1_ZONE::Des Sens Cool Load No DOAS [W],FLOOR_1_ZONE::Des Latent Heat Load No DOAS [W],FLOOR_1_ZONE::Des Latent Cool Load No DOAS [W],FLOOR_1_ZONE:SEVILLA ANN HTG 99.6% CONDNS DB:Heating Zone Temperature [C],FLOOR_1_ZONE:SEVILLA ANN HTG 99.6% CONDNS DB:Heating Zone Relative Humidity [%],FLOOR_1_ZONE:SEVILLA ANN CLG .4% CONDNS DB=>MWB:Cooling Zone Temperature [C],FLOOR_1_ZONE:SEVILLA ANN CLG .4% CONDNS DB=>MWB:Cooling Zone Relative Humidity [%],FLOOR_2_ZONE:SEVILLA ANN HTG 99.6% CONDNS DB:Des Heat Load [W],FLOOR_2_ZONE:SEVILLA ANN CLG .4% CONDNS DB=>MWB:Des Sens Cool Load [W],FLOOR_2_ZONE:SEVILLA ANN HTG 99.6% CONDNS DB:Des Heat Mass Flow [kg/s],FLOOR_2_ZONE:SEVILLA ANN CLG .4% CONDNS DB=>MWB:Des Cool Mass Flow [kg/s],FLOOR_2_ZONE::Des Latent Heat Load [W],FLOOR_2_ZONE::Des Latent Cool Load [W],FLOOR_2_ZONE::Des Latent Heat Mass Flow [kg/s],FLOOR_2_ZONE::Des Latent Cool Mass Flow [kg/s],FLOOR_2_ZONE::Des Heat Load No DOAS [W],FLOOR_2_ZONE::Des Sens Cool Load No DOAS [W],FLOOR_2_ZONE::Des Latent Heat Load No DOAS [W],FLOOR_2_ZONE::Des Latent Cool Load No DOAS [W],FLOOR_2_ZONE:SEVILLA ANN HTG 99.6% CONDNS DB:Heating Zone Temperature [C],FLOOR_2_ZONE:SEVILLA ANN HTG 99.6% CONDNS DB:Heating Zone Relative Humidity [%],FLOOR_2_ZONE:SEVILLA ANN CLG .4% CONDNS DB=>MWB:Cooling Zone Temperature [C],FLOOR_2_ZONE:SEVILLA ANN CLG .4% CONDNS DB=>MWB:Cooling Zone Relative Humidity [%]
00:10:00,4.229710E+03,0.000000E+00,6.360769E-01,0.000000E+00,0.000000E+00,0.000000E+00,0.000000E+00,0.000000E+00,0.000000E+00,0.000000E+00,0.000000E+00,0.000000E+00,3.339815E+01,2.438879E+01,3.326275E+01,3.447208E+01,4.193956E+03,0.000000E+00,6.290025E-01,0.000000E+00,0.000000E+00,0.000000E+00,0.000000E+00,0.000000E+00,0.000000E+00,0.000000E+00,0.000000E+00,0.000000E+00,3.338106E+01,2.440669E+01,3.255616E+01,3.541413E+01
00:20:00,4.210260E+03,0.000000E+00,6.298716E-01,0.000000E+00,0.000000E+00,0.000000E+00,0.000000E+00,0.000000E+00,0.000000E+00,0.000000E+00,0.000000E+00,0.000000E+00,3.337519E+01,2.442363E+01,3.310477E+01,3.518346E+01,4.174988E+03,0.000000E+00,6.229406E-01,0.000000E+00,0.000000E+00,0.000000E+00,0.000000E+00,0.000000E+00,0.000000E+00,0.000000E+00,0.000000E+00,0.000000E+00,3.335823E+01,2.444146E+01,3.240703E+01,3.616408E+01
00:30:00,4.197951E+03,0.000000E+00,6.252439E-01,0.000000E+00,0.000000E+00,0.000000E+00,0.000000E+00,0.000000E+00,0.000000E+00,0.000000E+00,0.000000E+00,0.000000E+00,3.335456E+01,2.445534E+01,3.291948E+01,3.593242E+01,4.163116E+03,0.000000E+00,6.184367E-01,0.000000E+00,0.000000E+00,0.000000E+00,0.000000E+00,0.000000E+00,0.000000E+00,0.000000E+00,0.000000E+00,0.000000E+00,3.333771E+01,2.447317E+01,3.223159E+01,3.694848E+01
00:40:00,4.190572E+03,0.000000E+00,6.217460E-01,0.000000E+00,0.000000E+00,0.000000E+00,0.000000E+00,0.000000E+00,0.000000E+00,0.000000E+00,0.000000E+00,0.000000E+00,3.333523E+01,2.448003E+01,3.279316E+01,3.654607E+01,4.156136E+03,0.000000E+00,6.150475E-01,0.000000E+00,0.000000E+00,0.000000E+00,0.000000E+00,0.000000E+00,0.000000E+00,0.000000E+00,0.000000E+00,0.000000E+00,3.331848E+01,2.449781E+01,3.211522E+01,3.759054E+01
00:50:00,4.188168E+03,0.000000E+00,6.192863E-01,0.000000E+00,0.000000E+00,0.000000E+00,0.000000E+00,0.000000E+00,0.000000E+00,0.000000E+00,0.000000E+00,0.000000E+00,3.331819E+01,2.449822E+01,3.272340E+01,3.702435E+01,4.154103E+03,0.000000E+00,6.126842E-01,0.000000E+00,0.000000E+00,0.000000E+00,0.000000E+00,0.000000E+00,0.000000E+00,0.000000E+00,0.000000E+00,0.000000E+00,3.330154E+01,2.451588E+01,3.205489E+01,3.809153E+01
01:00:00,4.189354E+03,0.000000E+00,6.176089E-01,0.000000E+00,0.000000E+00,0.000000E+00,0.000000E+00,0.000000E+00,0.000000E+00,0.000000E+00,0.000000E+00,0.000000E+00,3.330258E+01,2.451385E+01,3.268120E+01,3.742492E+01,4.155632E+03,0.000000E+00,6.110928E-01,0.000000E+00,0.000000E+00,0.000000E+00,0.000000E+00,0.000000E+00,0.000000E+00,0.000000E+00,0.000000E+00,0.000000E+00,3.328602E+01,2.453136E+01,3.202149E+01,3.851151E+01
01:10:00,4.156168E+03,0.000000E+00,6.110296E-01,0.000000E+00,0.000000E+00,0.000000E+00,0.000000E+00,0.000000E+00,0.000000E+00,0.000000E+00,0.000000E+00,0.000000E+00,3.328859E+01,2.452795E+01,3.264623E+01,3.779054E+01,4.122745E+03,0.000000E+00,6.046012E-01,0.000000E+00,0.000000E+00,0.000000E+00,0.000000E+00,0.000000E+00,0.000000E+00,0.000000E+00,0.000000E+00,0.000000E+00,3.327213E+01,2.454531E+01,3.199481E+01,3.889451E+01
01:20:00,4.125802E+03,0.000000E+00,6.050506E-01,0.000000E+00,0.000000E+00,0.000000E+00,0.000000E+00,0.000000E+00,0.000000E+00,0.000000E+00,0.000000E+00,0.000000E+00,3.327552E+01,2.454145E+01,3.261310E+01,3.813358E+01,4.092660E+03,0.000000E+00,5.987028E-01,0.000000E+00,0.000000E+00,0.000000E+00,0.000000E+00,0.000000E+00,0.000000E+00,0.000000E+00,0.000000E+00,0.000000E+00,3.325913E+01,2.455867E+01,3.196974E+01,3.925291E+01
01:30:00,4.098117E+03,0.000000E+00,5.996250E-01,0.000000E+00,0.000000E+00,0.000000E+00,0.000000E+00,0.000000E+00,0.000000E+00,0.000000E+00,0.000000E+00,0.000000E+00,3.326360E+01,2.455376E+01,3.258122E+01,3.845650E+01,4.065236E+03,0.000000E+00,5.933512E-01,0.000000E+00,0.000000E+00,0.000000E+00,0.000000E+00,0.000000E+00,0.000000E+00,0.000000E+00,0.000000E+00,0.000000E+00,3.324729E+01,2.457086E+01,3.194584E+01,3.958903E+01
01:40:00,4.072449E+03,0.000000E+00,5.946394E-01,0.000000E+00,0.000000E+00,0.000000E+00,0.000000E+00,0.000000E+00,0.000000E+00,0.000000E+00,0.000000E+00,0.000000E+00,3.325239E+01,2.456531E+01,3.255036E+01,3.876088E+01,4.039813E+03,0.000000E+00,5.884339E-01,0.000000E+00,0.000000E+00,0.000000E+00,0.000000E+00,0.000000E+00,0.000000E+00,0.000000E+00,0.000000E+00,0.000000E+00,3.323615E+01,2.458229E+01,3.192288E+01,3.990460E+01
01:50:00,4.048752E+03,0.000000E+00,5.900612E-01,0.000000E+00,0.000000E+00,0.000000E+00,0.000000E+00,0.000000E+00,0.000000E+00,0.000000E+00,0.000000E+00,0.000000E+00,3.324209E+01,2.457580E+01,3.251985E+01,3.904922E+01,4.016344E+03,0.000000E+00,5.839187E-01,0.000000E+00,0.000000E+00,0.000000E+00,0.000000E+00,0.000000E+00,0.000000E+00,0.000000E+00,0.000000E+00,0.000000E+00,3.322592E+01,2.459268E+01,3.190016E+01,4.020239E+01
02:00:00,4.026663E+03,0.000000E+00,5.858201E-01,0.000000E+00,0.000000E+00,0.000000E+00,0.000000E+00,0.000000E+00,0.000000E+00,0.000000E+00,0.000000E+00,0.000000E+00,3.323237E+01,2.458571E+01,3.248903E+01,3.932396E+01,3.994468E+03,0.000000E+00,5.797358E-01,0.000000E+00,0.000000E+00,0.000000E+00,0.000000E+00,0.000000E+00,0.000000E+00,0.000000E+00,0.000000E+00,0.000000E+00,3.321626E+01,2.460248E+01,3.187702E+01,4.048508E+01
02:10:00,4.006308E+03,0.000000E+00,5.819177E-01,0.000000E+00,0.000000E+00,0.000000E+00,0.000000E+00,0.000000E+00,0.000000E+00,0.000000E+00,0.000000E+00,0.000000E+00,3.322338E+01,2.459481E+01,3.245745E+01,3.958711E+01,3.974310E+03,0.000000E+00,5.758873E-01,0.000000E+00,0.000000E+00,0.000000E+00,0.000000E+00,0.000000E+00,0.000000E+00,0.000000E+00,0.000000E+00,0.000000E+00,3.320733E+01,2.461149E+01,3.185297E+01,4.075482E+01
02:20:00,3.987205E+03,0.000000E+00,5.782785E-01,0.000000E+00,0.000000E+00,0.000000E+00,0.000000E+00,0.000000E+00,0.000000E+00,0.000000E+00,0.000000E+00,0.000000E+00,3.321512E+01,2.460315E+01,3.242598E+01,3.983760E+01,3.955392E+03,0.000000E+00,5.722981E-01,0.000000E+00,0.000000E+00,0.000000E+00,0.000000E+00,0.000000E+00,0.000000E+00,0.000000E+00,0.000000E+00,0.000000E+00,3.319912E+01,2.461974E+01,3.182893E+01,4.101058E+01
02:30:00,3.969384E+03,0.000000E+00,5.748933E-01,0.000000E+00,0.000000E+00,0.000000E+00,0.000000E+00,0.000000E+00,0.000000E+00,0.000000E+00,0.000000E+00,0.000000E+00,3.320724E+01,2.461114E+01,3.239451E+01,4.007653E+01,3.937744E+03,0.000000E+00,5.689593E-01,0.000000E+00,0.000000E+00,0.000000E+00,0.000000E+00,0.000000E+00,0.000000E+00,0.000000E+00,0.000000E+00,0.000000E+00,3.319129E+01,2.462764E+01,3.180482E+01,4.125346E+01
02:40:00,3.952614E+03,0.000000E+00,5.717216E-01,0.000000E+00,0.000000E+00,0.000000E+00,0.000000E+00,0.000000E+00,0.000000E+00,0.000000E+00,0.000000E+00,0.000000E+00,3.319970E+01,2.461878E+01,3.236271E+01,4.030543E+01,3.921136E+03,0.000000E+00,5.658309E-01,0.000000E+00,0.000000E+00,0.000000E+00,0.000000E+00,0.000000E+00,0.000000E+00,0.000000E+00,0.000000E+00,0.000000E+00,3.318380E+01,2.463521E+01,3.178030E+01,4.148511E+01
02:50:00,3.936874E+03,0.000000E+00,5.687521E-01,0.000000E+00,0.000000E+00,0.000000E+00,0.000000E+00,0.000000E+00,0.000000E+00,0.000000E+00,0.000000E+00,0.000000E+00,3.319263E+01,2.462590E+01,3.233031E+01,4.052565E+01,3.905547E+03,0.000000E+00,5.629019E-01,0.000000E+00,0.000000E+00,0.000000E+00,0.000000E+00,0.000000E+00,0.000000E+00,0.000000E+00,0.000000E+00,0.000000E+00,3.317678E+01,2.464225E+01,3.175506E+01,4.170715E+01
03:00:00,3.922006E+03,0.000000E+00,5.659574E-01,0.000000E+00,0.000000E+00,0.000000E+00,0.000000E+00,0.000000E+00,0.000000E+00,0.000000E+00,0.000000E+00,0.000000E+00,3.318589E+01,2.463269E+01,3.229717E+01,4.073820E+01,3.890821E+03,0.000000E+00,5.601448E-01,0.000000E+00,0.000000E+00,0.000000E+00,0.000000E+00,0.000000E+00,0.000000E+00,0.000000E+00,0.000000E+00,0.000000E+00,3.317008E+01,2.464898E+01,3.172894E+01,4.192069E+01
03:10:00,3.907827E+03,0.000000E+00,5.633049E-01,0.000000E+00,0.000000E+00,0.000000E+00,0.000000E+00,0.000000E+00,0.000000E+00,0.000000E+00,0.000000E+00,0.000000E+00,3.317955E+01,2.463905E+01,3.226320E+01,4.094397E+01,3.876775E+03,0.000000E+00,5.575277E-01,0.000000E+00,0.000000E+00,0.000000E+00,0.000000E+00,0.000000E+00,0.000000E+00,0.000000E+00,0.000000E+00,0.000000E+00,3.316378E+01,2.465528E+01,3.170185E+01,4.212670E+01
03:20:00,3.894430E+03,0.000000E+00,5.608009E-01,0.000000E+00,0.000000E+00,0.000000E+00,0.000000E+00,0.000000E+00,0.000000E+00,0.000000E+00,0.000000E+00,0.000000E+00,3.317348E+01,2.464515E+01,3.222838E+01,4.114358E+01,3.863503E+03,0.000000E+00,5.550569E-01,0.000000E+00,0.000000E+00,0.000000E+00,0.000000E+00,0.000000E+00,0.000000E+00,0.000000E+00,0.000000E+00,0.000000E+00,3.315774E+01,2.466131E+01,3.167380E+01,4.232585E+01
03:30:00,3.881727E+03,0.000000E+00,5.584314E-01,0.000000E+00,0.000000E+00,0.000000E+00,0.000000E+00,0.000000E+00,0.000000E+00,0.000000E+00,0.000000E+00,0.000000E+00,3.316775E+01,2.465088E+01,3.219269E+01,4.133768E+01,3.850916E+03,0.000000E+00,5.527183E-01,0.000000E+00,0.000000E+00,0.000000E+00,0.000000E+00,0.000000E+00,0.000000E+00,0.000000E+00,0.000000E+00,0.000000E+00,3.315205E+01,2.466699E+01,3.164477E+01,4.251885E+01
03:40:00,3.869652E+03,0.000000E+00,5.561846E-01,0.000000E+00,0.000000E+00,0.000000E+00,0.000000E+00,0.000000E+00,0.000000E+00,0.000000E+00,0.000000E+00,0.000000E+00,3.316226E+01,2.465638E+01,3.215617E+01,4.152672E+01,3.838950E+03,0.000000E+00,5.505005E-01,0.000000E+00,0.000000E+00,0.000000E+00,0.000000E+00,0.000000E+00,0.000000E+00,0.000000E+00,0.000000E+00,0.000000E+00,3.314659E+01,2.467243E+01,3.161479E+01,4.270622E+01
03:50:00,3.858180E+03,0.000000E+00,5.540539E-01,0.000000E+00,0.000000E+00,0.000000E+00,0.000000E+00,0.000000E+00,0.000000E+00,0.000000E+00,0.000000E+00,0.000000E+00,3.315706E+01,2.466156E+01,3.211879E+01,4.171123E+01,3.827579E+03,0.000000E+00,5.483969E-01,0.000000E+00,0.000000E+00,0.000000E+00,0.000000E+00,0.000000E+00,0.000000E+00,0.000000E+00,0.000000E+00,0.000000E+00,3.314142E+01,2.467757E+01,3.158385E+01,4.288854E+01
04:00:00,3.847243E+03,0.000000E+00,5.520271E-01,0.000000E+00,0.000000E+00,0.000000E+00,0.000000E+00,0.000000E+00,0.000000E+00,0.000000E+00,0.000000E+00,0.000000E+00,3.315207E+01,2.466655E+01,3.208061E+01,4.189161E+01,3.816736E+03,0.000000E+00,5.463954E-01,0.000000E+00,0.000000E+00,0.000000E+00,0.000000E+00,0.000000E+00,0.000000E+00,0.000000E+00,0.000000E+00,0.000000E+00,3.313645E+01,2.468252E+01,3.155200E+01,4.306623E+01
04:10:00,3.836821E+03,0.000000E+00,5.500990E-01,0.000000E+00,0.000000E+00,0.000000E+00,0.000000E+00,0.000000E+00,0.000000E+00,0.000000E+00,0.000000E+00,0.000000E+00,3.314732E+01,2.467127E+01,3.204162E+01,4.206827E+01,3.806403E+03,0.000000E+00,5.444911E-01,0.000000E+00,0.000000E+00,0.000000E+00,0.000000E+00,0.000000E+00,0.000000E+00,0.000000E+00,0.000000E+00,0.000000E+00,3.313173E+01,2.468719E+01,3.151924E+01,4.323979E+01
04:20:00,3.826861E+03,0.000000E+00,5.482601E-01,0.000000E+00,0.000000E+00,0.000000E+00,0.000000E+00,0.000000E+00,0.000000E+00,0.000000E+00,0.000000E+00,0.000000E+00,3.314275E+01,2.467583E+01,3.200294E+01,4.223898E+01,3.796524E+03,0.000000E+00,5.426744E-01,0.000000E+00,0.000000E+00,0.000000E+00,0.000000E+00,0.000000E+00,0.000000E+00,0.000000E+00,0.000000E+00,0.000000E+00,3.312718E+01,2.469170E+01,3.148669E+01,4.340690E+01
04:30:00,3.817346E+03,0.000000E+00,5.465061E-01,0.000000E+00,0.000000E+00,0.000000E+00,0.000000E+00,0.000000E+00,0.000000E+00,0.000000E+00,0.000000E+00,0.000000E+00,3.313840E+01,2.468015E+01,3.196476E+01,4.240364E+01,3.787085E+03,0.000000E+00,5.409412E-01,0.000000E+00,0.000000E+00,0.000000E+00,0.000000E+00,0.000000E+00,0.000000E+00,0.000000E+00,0.000000E+00,0.000000E+00,3.312285E+01,2.469599E+01,3.145455E+01,4.356749E+01
04:40:00,3.808232E+03,0.000000E+00,5.448291E-01,0.000000E+00,0.000000E+00,0.000000E+00,0.000000E+00,0.000000E+00,0.000000E+00,0.000000E+00,0.000000E+00,0.000000E+00,3.313420E+01,2.468432E+01,3.192673E+01,4.256342E+01,3.778042E+03,0.000000E+00,5.392838E-01,0.000000E+00,0.000000E+00,0.000000E+00,0.000000E+00,0.000000E+00,0.000000E+00,0.000000E+00,0.000000E+00,0.000000E+00,3.311867E+01,2.470012E+01,3.142247E+01,4.372278E+01
04:50:00,3.799507E+03,0.000000E+00,5.432258E-01,0.000000E+00,0.000000E+00,0.000000E+00,0.000000E+00,0.000000E+00,0.000000E+00,0.000000E+00,0.000000E+00,0.000000E+00,3.313020E+01,2.468828E+01,3.188847E+01,4.271954E+01,3.769383E+03,0.000000E+00,5.376987E-01,0.000000E+00,0.000000E+00,0.000000E+00,0.000000E+00,0.000000E+00,0.000000E+00,0.000000E+00,0.000000E+00,0.000000E+00,3.311469E+01,2.470406E+01,3.139008E+01,4.387410E+01
05:00:00,3.791134E+03,0.000000E+00,5.416896E-01,0.000000E+00,0.000000E+00,0.000000E+00,0.000000E+00,0.000000E+00,0.000000E+00,0.000000E+00,0.000000E+00,0.000000E+00,3.312633E+01,2.469212E+01,3.184982E+01,4.287272E+01,3.761070E+03,0.000000E+00,5.361796E-01,0.000000E+00,0.000000E+00,0.000000E+00,0.000000E+00,0.000000E+00,0.000000E+00,0.000000E+00,0.000000E+00,0.000000E+00,3.311083E+01,2.470786E+01,3.135720E+01,4.402217E+01
05:10:00,3.783101E+03,0.000000E+00,5.402178E-01,0.000000E+00,0.000000E+00,0.000000E+00,0.000000E+00,0.000000E+00,0.000000E+00,0.000000E+00,0.000000E+00,0.000000E+00,3.312263E+01,2.469578E+01,3.181070E+01,4.302338E+01,3.753093E+03,0.000000E+00,5.347238E-01,0.000000E+00,0.000000E+00,0.000000E+00,0.000000E+00,0.000000E+00,0.000000E+00,0.000000E+00,0.000000E+00,0.000000E+00,3.310715E+01,2.471149E+01,3.132377E+01,4.416748E+01
05:20:00,3.775378E+03,0.000000E+00,5.388050E-01,0.000000E+00,0.000000E+00,0.000000E+00,0.000000E+00,0.000000E+00,0.000000E+00,0.000000E+00,0.000000E+00,0.000000E+00,3.311905E+01,2.469932E+01,3.177568E+01,4.316072E+01,3.745423E+03,0.000000E+00,5.333259E-01,0.000000E+00,0.000000E+00,0.000000E+00,0.000000E+00,0.000000E+00,0.000000E+00,0.000000E+00,0.000000E+00,0.000000E+00,3.310358E+01,2.471501E+01,3.129435E+01,4.429890E+01
05:30:00,3.767957E+03,0.000000E+00,5.374488E-01,0.000000E+00,0.000000E+00,0.000000E+00,0.000000E+00,0.000000E+00,0.000000E+00,0.000000E+00,0.000000E+00,0.000000E+00,3.311563E+01,2.470271E+01,3.174509E+01,4.328407E+01,3.738049E+03,0.000000E+00,5.319838E-01,0.000000E+00,0.000000E+00,0.000000E+00,0.000000E+00,0.000000E+00,0.000000E+00,0.000000E+00,0.000000E+00,0.000000E+00,3.310016E+01,2.471836E+01,3.126937E+01,4.441556E+01
05:40:00,3.760811E+03,0.000000E+00,5.361447E-01,0.000000E+00,0.000000E+00,0.000000E+00,0.000000E+00,0.000000E+00,0.000000E+00,0.000000E+00,0.000000E+00,0.000000E+00,3.311231E+01,2.470599E+01,3.171740E+01,4.339737E+01,3.730948E+03,0.000000E+00,5.306928E-01,0.000000E+00,0.000000E+00,0.000000E+00,0.000000E+00,0.000000E+00,0.000000E+00,0.000000E+00,0.000000E+00,0.000000E+00,3.309685E+01,2.472162E+01,3.124746E+01,4.452109E+01
05:50:00,3.753933E+03,0.000000E+00,5.348908E-01,0.000000E+00,0.000000E+00,0.000000E+00,0.000000E+00,0.000000E+00,0.000000E+00,0.000000E+00,0.000000E+00,0.000000E+00,3.310912E+01,2.470912E+01,3.169136E+01,4.350381E+01,3.724110E+03,0.000000E+00,5.294513E-01,0.000000E+00,0.000000E+00,0.000000E+00,0.000000E+00,0.000000E+00,0.000000E+00,0.000000E+00,0.000000E+00,0.000000E+00,3.309367E+01,2.472474E+01,3.122682E+01,4.462026E+01
06:00:00,3.747433E+03,0.000000E+00,5.337022E-01,0.000000E+00,0.000000E+00,0.000000E+00,0.000000E+00,0.000000E+00,0.000000E+00,0.000000E+00,0.000000E+00,0.000000E+00,3.310603E+01,2.471217E+01,3.166585E+01,4.360633E+01,3.717648E+03,0.000000E+00,5.282740E-01,0.000000E+00,0.000000E+00,0.000000E+00,0.000000E+00,0.000000E+00,0.000000E+00,0.000000E+00,0.000000E+00,0.000000E+00,3.309059E+01,2.472776E+01,3.120683E+01,4.471482E+01
06:10:00,3.120113E+03,6.127578E+02,4.442502E-01,3.534530E-02,0.000000E+00,0.000000E+00,0.000000E+00,0.000000E+00,0.000000E+00,0.000000E+00,0.000000E+00,0.000000E+00,2.957759E+01,3.022764E+01,2.841552E+01,4.825720E+01,3.095307E+03,8.336122E+02,4.397316E-01,5.039095E-02,0.000000E+00,0.000000E+00,0.000000E+00,0.000000E+00,0.000000E+00,0.000000E+00,0.000000E+00,0.000000E+00,2.815708E+01,3.315918E+01,2.699753E+01,5.094209E+01
06:20:00,2.493947E+03,6.909992E+02,3.550093E-01,4.076437E-02,0.000000E+00,0.000000E+00,0.000000E+00,0.000000E+00,0.000000E+00,0.000000E+00,0.000000E+00,0.000000E+00,2.795440E+01,3.242484E+01,2.812112E+01,4.799655E+01,2.474114E+03,9.474516E+02,3.513980E-01,5.921709E-02,0.000000E+00,0.000000E+00,0.000000E+00,0.000000E+00,0.000000E+00,0.000000E+00,0.000000E+00,0.000000E+00,2.718161E+01,3.432228E+01,2.660227E+01,5.057592E+01
06:30:00,1.868912E+03,9.187797E+02,2.659740E-01,5.611621E-02,0.000000E+00,0.000000E+00,0.000000E+00,0.000000E+00,0.000000E+00,0.000000E+00,0.000000E+00,0.000000E+00,2.729076E+01,3.328518E+01,2.857521E+01,4.557452E+01,1.889000E+03,1.232833E+03,2.658024E-01,8.055981E-02,0.000000E+00,0.000000E+00,0.000000E+00,0.000000E+00,0.000000E+00,0.000000E+00,0.000000E+00,0.000000E+00,2.678813E+01,3.468125E+01,2.714121E+01,4.740344E+01
06:40:00,1.355061E+03,1.141197E+03,1.851108E-01,7.088548E-02,0.000000E+00,0.000000E+00,0.000000E+00,0.000000E+00,0.000000E+00,0.000000E+00,0.000000E+00,0.000000E+00,2.646239E+01,3.435002E+01,2.875494E+01,4.410887E+01,1.413304E+03,1.511389E+03,1.881912E-01,1.009825E-01,0.000000E+00,0.000000E+00,0.000000E+00,0.000000E+00,0.000000E+00,0.000000E+00,0.000000E+00,0.000000E+00,2.638870E+01,3.492934E+01,2.736371E+01,4.561622E+01
06:50:00,8.932233E+02,1.345100E+03,1.082203E-01,8.439974E-02,0.000000E+00,0.000000E+00,0.000000E+00,0.000000E+00,0.000000E+00,0.000000E+00,0.000000E+00,0.000000E+00,2.656619E+01,3.391812E+01,2.878284E+01,4.324442E+01,9.404615E+02,1.766172E+03,1.110196E-01,1.195967E-01,0.000000E+00,0.000000E+00,0.000000E+00,0.000000E+00,0.000000E+00,0.000000E+00,0.000000E+00,0.000000E+00,2.654348E+01,3.437380E+01,2.741069E+01,4.464206E+01
07:00:00,4.272688E+02,1.570167E+03,3.123767E-02,9.930138E-02,0.000000E+00,0.000000E+00,0.000000E+00,0.000000E+00,0.000000E+00,0.000000E+00,0.000000E+00,0.000000E+00,2.669306E+01,3.326884E+01,2.879804E+01,4.235243E+01,4.856985E+02,2.042644E+03,3.538222E-02,1.397538E-01,0.000000E+00,0.000000E+00,0.000000E+00,0.000000E+00,0.000000E+00,0.000000E+00,0.000000E+00,0.000000E+00,2.667628E+01,3.364519E+01,2.743853E+01,4.372314E+01
07:10:00,6.146606E+02,1.191710E+03,4.515090E-02,7.947905E-02,0.000000E+00,0.000000E+00,0.000000E+00,0.000000E+00,0.000000E+00,0.000000E+00,0.000000E+00,0.000000E+00,2.679174E+01,3.276913E+01,2.878859E+01,4.166941E+01,6.723656E+02,1.494330E+03,4.922313E-02,1.101684E-01,0.000000E+00,0.000000E+00,0.000000E+00,0.000000E+00,0.000000E+00,0.000000E+00,0.000000E+00,0.000000E+00,2.677409E+01,3.308145E+01,2.743530E+01,4.308676E+01
07:20:00,8.186908E+02,1.361191E+03,6.039378E-02,9.047919E-02,0.000000E+00,0.000000E+00,0.000000E+00,0.000000E+00,0.000000E+00,0.000000E+00,0.000000E+00,0.000000E+00,2.687347E+01,3.242382E+01,2.878223E+01,4.108726E+01,8.750140E+02,1.679063E+03,6.434406E-02,1.231213E-01,0.000000E+00,0.000000E+00,0.000000E+00,0.000000E+00,0.000000E+00,0.000000E+00,0.000000E+00,0.000000E+00,2.685722E+01,3.267233E+01,2.743185E+01,4.258586E+01
07:30:00,1.032041E+03,1.391676E+03,7.642380E-02,9.225943E-02,0.000000E+00,0.000000E+00,0.000000E+00,0.000000E+00,0.000000E+00,0.000000E+00,0.000000E+00,0.000000E+00,2.694784E+01,3.219889E+01,2.877004E+01,4.059698E+01,1.051872E+03,1.702580E+03,7.770615E-02,1.243300E-01,0.000000E+00,0.000000E+00,0.000000E+00,0.000000E+00,0.000000E+00,0.000000E+00,0.000000E+00,0.000000E+00,2.693294E+01,3.239103E+01,2.742054E+01,4.219477E+01
07:40:00,1.147597E+03,1.438338E+03,8.546599E-02,9.535440E-02,0.000000E+00,0.000000E+00,0.000000E+00,0.000000E+00,0.000000E+00,0.000000E+00,0.000000E+00,0.000000E+00,2.699638E+01,3.209113E+01,2.875788E+01,4.017502E+01,1.132552E+03,1.743592E+03,8.425542E-02,1.272595E-01,0.000000E+00,0.000000E+00,0.000000E+00,0.000000E+00,0.000000E+00,0.000000E+00,0.000000E+00,0.000000E+00,2.698271E+01,3.223662E+01,2.740796E+01,4.187860E+01
07:50:00,1.221403E+03,1.513290E+03,9.147618E-02,1.003688E-01,0.000000E+00,0.000000E+00,0.000000E+00,0.000000E+00,0.000000E+00,0.000000E+00,0.000000E+00,0.000000E+00,2.703672E+01,3.204389E+01,2.874551E+01,3.981528E+01,1.220312E+03,1.817889E+03,9.127992E-02,1.327171E-01,0.000000E+00,0.000000E+00,0.000000E+00,0.000000E+00,0.000000E+00,0.000000E+00,0.000000E+00,0.000000E+00,2.702432E+01,3.215176E+01,2.739426E+01,4.162465E+01
08:00:00,1.308435E+03,1.576530E+03,9.841345E-02,1.046391E-01,0.000000E+00,0.000000E+00,0.000000E+00,0.000000E+00,0.000000E+00,0.000000E+00,0.000000E+00,0.000000E+00,2.707074E+01,3.203509E+01,2.873387E+01,3.950999E+01,1.298964E+03,1.879753E+03,9.759328E-02,1.373333E-01,0.000000E+00,0.000000E+00,0.000000E+00,0.000000E+00,0.000000E+00,0.000000E+00,0.000000E+00,0.000000E+00,2.705883E+01,3.211433E+01,2.738114E+01,4.141949E+01
08:10:00,2.068945E+03,1.342229E+03,1.664515E-01,8.911614E-02,0.000000E+00,0.000000E+00,0.000000E+00,0.000000E+00,0.000000E+00,0.000000E+00,0.000000E+00,0.000000E+00,2.988503E+01,2.821160E+01,2.948992E+01,3.775067E+01,2.057271E+03,1.594455E+03,1.653359E-01,1.165277E-01,0.000000E+00,0.000000E+00,0.000000E+00,0.000000E+00,0.000000E+00,0.000000E+00,0.000000E+00,0.000000E+00,2.987519E+01,2.824228E+01,2.826717E+01,3.939370E+01
08:20:00,2.289040E+03,1.193375E+03,1.924879E-01,7.856623E-02,0.000000E+00,0.000000E+00,0.000000E+00,0.000000E+00,0.000000E+00,0.000000E+00,0.000000E+00,0.000000E+00,3.006029E+01,2.815866E+01,3.028113E+01,3.633668E+01,2.275443E+03,1.405273E+03,1.911212E-01,1.016955E-01,0.000000E+00,0.000000E+00,0.000000E+00,0.000000E+00,0.000000E+00,0.000000E+00,0.000000E+00,0.000000E+00,3.004960E+01,2.818381E+01,2.917367E+01,3.769494E+01
08:30:00,2.715003E+03,1.125362E+03,2.380487E-01,7.264922E-02,0.000000E+00,0.000000E+00,0.000000E+00,0.000000E+00,0.000000E+00,0.000000E+00,0.000000E+00,0.000000E+00,2.982064E+01,2.874663E+01,3.062082E+01,3.581833E+01,2.696019E+03,1.315182E+03,2.360811E-01,9.292173E-02,0.000000E+00,0.000000E+00,0.000000E+00,0.000000E+00,0.000000E+00,0.000000E+00,0.000000E+00,0.000000E+00,2.980935E+01,2.876488E+01,2.956015E+01,3.710863E+01
08:40:00,2.958268E+03,1.023015E+03,2.664534E-01,6.465804E-02,0.000000E+00,0.000000E+00,0.000000E+00,0.000000E+00,0.000000E+00,0.000000E+00,0.000000E+00,0.000000E+00,2.987599E+01,2.873009E+01,3.054618E+01,3.597979E+01,2.940551E+03,1.189073E+03,2.644890E-01,8.181392E-02,0.000000E+00,0.000000E+00,0.000000E+00,0.000000E+00,0.000000E+00,0.000000E+00,0.000000E+00,0.000000E+00,2.985336E+01,2.876125E+01,2.948033E+01,3.731401E+01
08:50:00,3.211082E+03,9.321168E+02,2.957332E-01,5.730093E-02,0.000000E+00,0.000000E+00,0.000000E+00,0.000000E+00,0.000000E+00,0.000000E+00,0.000000E+00,0.000000E+00,2.983458E+01,2.887014E+01,3.048426E+01,3.612621E+01,3.190625E+03,1.077624E+03,2.934238E-01,7.157693E-02,0.000000E+00,0.000000E+00,0.000000E+00,0.000000E+00,0.000000E+00,0.000000E+00,0.000000E+00,0.000000E+00,2.982243E+01,2.888190E+01,2.941252E+01,3.752851E+01
09:00:00,3.448714E+03,8.480479E+02,3.235781E-01,5.030214E-02,0.000000E+00,0.000000E+00,0.000000E+00,0.000000E+00,0.000000E+00,0.000000E+00,0.000000E+00,0.000000E+00,2.981409E+01,2.894336E+01,3.043848E+01,3.619186E+01,3.426951E+03,9.711274E+02,3.210627E-01,6.159349E-02,0.000000E+00,0.000000E+00,0.000000E+00,0.000000E+00,0.000000E+00,0.000000E+00,0.000000E+00,0.000000E+00,2.980222E+01,2.895295E+01,2.935863E+01,3.765316E+01
09:10:00,2.978952E+03,1.059152E+03,2.875999E-01,6.292126E-02,0.000000E+00,0.000000E+00,0.000000E+00,0.000000E+00,0.000000E+00,0.000000E+00,0.000000E+00,0.000000E+00,2.980059E+01,2.898312E+01,3.039056E+01,3.621789E+01,2.956328E+03,1.213560E+03,2.850344E-01,7.709992E-02,0.000000E+00,0.000000E+00,0.000000E+00,0.000000E+00,0.000000E+00,0.000000E+00,0.000000E+00,0.000000E+00,2.978862E+01,2.899199E+01,2.931814E+01,3.770025E+01
09:20:00,3.031523E+03,1.181233E+03,2.921089E-01,7.028482E-02,0.000000E+00,0.000000E+00,0.000000E+00,0.000000E+00,0.000000E+00,0.000000E+00,0.000000E+00,0.000000E+00,2.979039E+01,2.900455E+01,3.035941E+01,3.618634E+01,3.008353E+03,1.355674E+03,2.894926E-01,8.627449E-02,0.000000E+00,0.000000E+00,0.000000E+00,0.000000E+00,0.000000E+00,0.000000E+00,0.000000E+00,0.000000E+00,2.977822E+01,2.901315E+01,2.928512E+01,3.769984E+01
09:30:00,2.867350E+03,1.220642E+03,2.761291E-01,7.284516E-02,0.000000E+00,0.000000E+00,0.000000E+00,0.000000E+00,0.000000E+00,0.000000E+00,0.000000E+00,0.000000E+00,2.978413E+01,2.901372E+01,3.033456E+01,3.612879E+01,2.847195E+03,1.397819E+03,2.738175E-01,8.925269E-02,0.000000E+00,0.000000E+00,0.000000E+00,0.000000E+00,0.000000E+00,0.000000E+00,0.000000E+00,0.000000E+00,2.977179E+01,2.902215E+01,2.925885E+01,3.766830E+01
09:40:00,2.872926E+03,1.292642E+03,2.762350E-01,7.731176E-02,0.000000E+00,0.000000E+00,0.000000E+00,0.000000E+00,0.000000E+00,0.000000E+00,0.000000E+00,0.000000E+00,2.977944E+01,2.901827E+01,3.031179E+01,3.606026E+01,2.849234E+03,1.474738E+03,2.736305E-01,9.439658E-02,0.000000E+00,0.000000E+00,0.000000E+00,0.000000E+00,0.000000E+00,0.000000E+00,0.000000E+00,0.000000E+00,2.976694E+01,2.902658E+01,2.923501E+01,3.762281E+01
09:50:00,2.858916E+03,1.352047E+03,2.746250E-01,8.101873E-02,0.000000E+00,0.000000E+00,0.000000E+00,0.000000E+00,0.000000E+00,0.000000E+00,0.000000E+00,0.000000E+00,2.977676E+01,2.901952E+01,3.028915E+01,3.598768E+01,2.835975E+03,1.536438E+03,2.720951E-01,9.855320E-02,0.000000E+00,0.000000E+00,0.000000E+00,0.000000E+00,0.000000E+00,0.000000E+00,0.000000E+00,0.000000E+00,2.976413E+01,2.902770E+01,2.921178E+01,3.757109E+01
10:00:00,2.851630E+03,1.404588E+03,2.737473E-01,8.431064E-02,0.000000E+00,0.000000E+00,0.000000E+00,0.000000E+00,0.000000E+00,0.000000E+00,0.000000E+00,0.000000E+00,2.977457E+01,2.902034E+01,3.026805E+01,3.591057E+01,2.828113E+03,1.592537E+03,2.711610E-01,1.023355E-01,0.000000E+00,0.000000E+00,0.000000E+00,0.000000E+00,0.000000E+00,0.000000E+00,0.000000E+00,0.000000E+00,2.976182E+01,2.902846E+01,2.919024E+01,3.751377E+01
10:10:00,2.846410E+03,1.456764E+03,2.731249E-01,8.757090E-02,0.000000E+00,0.000000E+00,0.000000E+00,0.000000E+00,0.000000E+00,0.000000E+00,0.000000E+00,0.000000E+00,2.977348E+01,2.902001E+01,3.024471E+01,3.583735E+01,2.822607E+03,1.645836E+03,2.705091E-01,1.059283E-01,0.000000E+00,0.000000E+00,0.000000E+00,0.000000E+00,0.000000E+00,0.000000E+00,0.000000E+00,0.000000E+00,2.976065E+01,2.902807E+01,2.917085E+01,3.745229E+01
10:20:00,2.842612E+03,1.506858E+03,2.726796E-01,9.070280E-02,0.000000E+00,0.000000E+00,0.000000E+00,0.000000E+00,0.000000E+00,0.000000E+00,0.000000E+00,0.000000E+00,2.977226E+01,2.902027E+01,3.022772E+01,3.575543E+01,2.818569E+03,1.697448E+03,2.700386E-01,1.094053E-01,0.000000E+00,0.000000E+00,0.000000E+00,0.000000E+00,0.000000E+00,0.000000E+00,0.000000E+00,0.000000E+00,2.975930E+01,2.902835E+01,2.915356E+01,3.738946E+01
10:30:00,2.840221E+03,1.556326E+03,2.723954E-01,9.379592E-02,0.000000E+00,0.000000E+00,0.000000E+00,0.000000E+00,0.000000E+00,0.000000E+00,0.000000E+00,0.000000E+00,2.977180E+01,2.901973E+01,3.021255E+01,3.567518E+01,2.815964E+03,1.748082E+03,2.697317E-01,1.128161E-01,0.000000E+00,0.000000E+00,0.000000E+00,0.000000E+00,0.000000E+00,0.000000E+00,0.000000E+00,0.000000E+00,2.975876E+01,2.902779E+01,2.913813E+01,3.732759E+01
10:40:00,2.838471E+03,1.602320E+03,2.721924E-01,9.668137E-02,0.000000E+00,0.000000E+00,0.000000E+00,0.000000E+00,0.000000E+00,0.000000E+00,0.000000E+00,0.000000E+00,2.977154E+01,2.901925E+01,3.019551E+01,3.560341E+01,2.814013E+03,1.794849E+03,2.695074E-01,1.159781E-01,0.000000E+00,0.000000E+00,0.000000E+00,0.000000E+00,0.000000E+00,0.000000E+00,0.000000E+00,0.000000E+00,2.975843E+01,2.902730E+01,2.912057E+01,3.727427E+01
10:50:00,2.837576E+03,1.646255E+03,2.720832E-01,9.943811E-02,0.000000E+00,0.000000E+00,0.000000E+00,0.000000E+00,0.000000E+00,0.000000E+00,0.000000E+00,0.000000E+00,2.977150E+01,2.901875E+01,3.018378E+01,3.552815E+01,2.812939E+03,1.839249E+03,2.693789E-01,1.189801E-01,0.000000E+00,0.000000E+00,0.000000E+00,0.000000E+00,0.000000E+00,0.000000E+00,0.000000E+00,0.000000E+00,2.975831E+01,2.902681E+01,2.910867E+01,3.721548E+01
11:00:00,2.837002E+03,1.686164E+03,2.720151E-01,1.019465E-01,0.000000E+00,0.000000E+00,0.000000E+00,0.000000E+00,0.000000E+00,0.000000E+00,0.000000E+00,0.000000E+00,2.977162E+01,2.901828E+01,3.017319E+01,3.545776E+01,2.812184E+03,1.880380E+03,2.692914E-01,1.217628E-01,0.000000E+00,0.000000E+00,0.000000E+00,0.000000E+00,0.000000E+00,0.000000E+00,0.000000E+00,0.000000E+00,2.975835E+01,2.902635E+01,2.909803E+01,3.716057E+01
11:10:00,2.837101E+03,1.723320E+03,2.720175E-01,1.042775E-01,0.000000E+00,0.000000E+00,0.000000E+00,0.000000E+00,0.000000E+00,0.000000E+00,0.000000E+00,0.000000E+00,2.977190E+01,2.901776E+01,3.016447E+01,3.539124E+01,2.812135E+03,1.917345E+03,2.692776E-01,1.242661E-01,0.000000E+00,0.000000E+00,0.000000E+00,0.000000E+00,0.000000E+00,0.000000E+00,0.000000E+00,0.000000E+00,2.975856E+01,2.902585E+01,2.908933E+01,3.710853E+01
11:20:00,2.837398E+03,1.756106E+03,2.720462E-01,1.063354E-01,0.000000E+00,0.000000E+00,0.000000E+00,0.000000E+00,0.000000E+00,0.000000E+00,0.000000E+00,0.000000E+00,2.977229E+01,2.901726E+01,3.015867E+01,3.532823E+01,2.812279E+03,1.950175E+03,2.692896E-01,1.264895E-01,0.000000E+00,0.000000E+00,0.000000E+00,0.000000E+00,0.000000E+00,0.000000E+00,0.000000E+00,0.000000E+00,2.975889E+01,2.902536E+01,2.908363E+01,3.705877E+01
11:30:00,2.838035E+03,1.783648E+03,2.721116E-01,1.080660E-01,0.000000E+00,0.000000E+00,0.000000E+00,0.000000E+00,0.000000E+00,0.000000E+00,0.000000E+00,0.000000E+00,2.977279E+01,2.901673E+01,3.015480E+01,3.527101E+01,2.812776E+03,1.977208E+03,2.693397E-01,1.283237E-01,0.000000E+00,0.000000E+00,0.000000E+00,0.000000E+00,0.000000E+00,0.000000E+00,0.000000E+00,0.000000E+00,2.975934E+01,2.902486E+01,2.907993E+01,3.701362E+01
11:40:00,2.838887E+03,1.807704E+03,2.722015E-01,1.095712E-01,0.000000E+00,0.000000E+00,0.000000E+00,0.000000E+00,0.000000E+00,0.000000E+00,0.000000E+00,0.000000E+00,2.977337E+01,2.901622E+01,3.015241E+01,3.521992E+01,2.813498E+03,2.000630E+03,2.694151E-01,1.299041E-01,0.000000E+00,0.000000E+00,0.000000E+00,0.000000E+00,0.000000E+00,0.000000E+00,0.000000E+00,0.000000E+00,2.975986E+01,2.902437E+01,2.907773E+01,3.697342E+01
11:50:00,2.839939E+03,1.827041E+03,2.723135E-01,1.107789E-01,0.000000E+00,0.000000E+00,0.000000E+00,0.000000E+00,0.000000E+00,0.000000E+00,0.000000E+00,0.000000E+00,2.977401E+01,2.901571E+01,3.015201E+01,3.517326E+01,2.814428E+03,2.019104E+03,2.695136E-01,1.311480E-01,0.000000E+00,0.000000E+00,0.000000E+00,0.000000E+00,0.000000E+00,0.000000E+00,0.000000E+00,0.000000E+00,2.976045E+01,2.902388E+01,2.907752E+01,3.693650E+01
12:00:00,2.841137E+03,1.842156E+03,2.724420E-01,1.117184E-01,0.000000E+00,0.000000E+00,0.000000E+00,0.000000E+00,0.000000E+00,0.000000E+00,0.000000E+00,0.000000E+00,2.977470E+01,2.901521E+01,3.015277E+01,3.513174E+01,2.815513E+03,2.033202E+03,2.696295E-01,1.320917E-01,0.000000E+00,0.000000E+00,0.000000E+00,0.000000E+00,0.000000E+00,0.000000E+00,0.000000E+00,0.000000E+00,2.976109E+01,2.902340E+01,2.907854E+01,3.690342E+01
12:10:00,2.842460E+03,1.853873E+03,2.725846E-01,1.124396E-01,0.000000E+00,0.000000E+00,0.000000E+00,0.000000E+00,0.000000E+00,0.000000E+00,0.000000E+00,0.000000E+00,2.977543E+01,2.901471E+01,3.015510E+01,3.509386E+01,2.816731E+03,2.043766E+03,2.697603E-01,1.327897E-01,0.000000E+00,0.000000E+00,0.000000E+00,0.000000E+00,0.000000E+00,0.000000E+00,0.000000E+00,0.000000E+00,2.976178E+01,2.902292E+01,2.908116E+01,3.687282E+01
12:20:00,2.843871E+03,1.862125E+03,2.727372E-01,1.129396E-01,0.000000E+00,0.000000E+00,0.000000E+00,0.000000E+00,0.000000E+00,0.000000E+00,0.000000E+00,0.000000E+00,2.977618E+01,2.901423E+01,3.015900E+01,3.505954E+01,2.818045E+03,2.050759E+03,2.699019E-01,1.332413E-01,0.000000E+00,0.000000E+00,0.000000E+00,0.000000E+00,0.000000E+00,0.000000E+00,0.000000E+00,0.000000E+00,2.976249E+01,2.902246E+01,2.908543E+01,3.684457E+01
12:30:00,2.845356E+03,1.867315E+03,2.728981E-01,1.132434E-01,0.000000E+00,0.000000E+00,0.000000E+00,0.000000E+00,0.000000E+00,0.000000E+00,0.000000E+00,0.000000E+00,2.977696E+01,2.901374E+01,3.016418E+01,3.502901E+01,2.819439E+03,2.054638E+03,2.700526E-01,1.334769E-01,0.000000E+00,0.000000E+00,0.000000E+00,0.000000E+00,0.000000E+00,0.000000E+00,0.000000E+00,0.000000E+00,2.976323E+01,2.902200E+01,2.909100E+01,3.681910E+01
12:40:00,2.846890E+03,1.869918E+03,2.730648E-01,1.133809E-01,0.000000E+00,0.000000E+00,0.000000E+00,0.000000E+00,0.000000E+00,0.000000E+00,0.000000E+00,0.000000E+00,2.977774E+01,2.901327E+01,3.016982E+01,3.500300E+01,2.820889E+03,2.055818E+03,2.702096E-01,1.335254E-01,0.000000E+00,0.000000E+00,0.000000E+00,0.000000E+00,0.000000E+00,0.000000E+00,0.000000E+00,0.000000E+00,2.976398E+01,2.902155E+01,2.909697E+01,3.679742E+01
12:50:00,2.848465E+03,1.870380E+03,2.732360E-01,1.133812E-01,0.000000E+00,0.000000E+00,0.000000E+00,0.000000E+00,0.000000E+00,0.000000E+00,0.000000E+00,0.000000E+00,2.977854E+01,2.901281E+01,3.017586E+01,3.498078E+01,2.822385E+03,2.054875E+03,2.703718E-01,1.334260E-01,0.000000E+00,0.000000E+00,0.000000E+00,0.000000E+00,0.000000E+00,0.000000E+00,0.000000E+00,0.000000E+00,2.976474E+01,2.902111E+01,2.910344E+01,3.677855E+01
13:00:00,2.850063E+03,1.869584E+03,2.734099E-01,1.132994E-01,0.000000E+00,0.000000E+00,0.000000E+00,0.000000E+00,0.000000E+00,0.000000E+00,0.000000E+00,0.000000E+00,2.977934E+01,2.901235E+01,3.018145E+01,3.496279E+01,2.823910E+03,2.052614E+03,2.705374E-01,1.332338E-01,0.000000E+00,0.000000E+00,0.000000E+00,0.000000E+00,0.000000E+00,0.000000E+00,0.000000E+00,0.000000E+00,2.976551E+01,2.902067E+01,2.910944E+01,3.676336E+01
13:10:00,2.851678E+03,1.868012E+03,2.735859E-01,1.131679E-01,0.000000E+00,0.000000E+00,0.000000E+00,0.000000E+00,0.000000E+00,0.000000E+00,0.000000E+00,0.000000E+00,2.978014E+01,2.901190E+01,3.018619E+01,3.494866E+01,2.825457E+03,2.049687E+03,2.707055E-01,1.329945E-01,0.000000E+00,0.000000E+00,0.000000E+00,0.000000E+00,0.000000E+00,0.000000E+00,0.000000E+00,0.000000E+00,2.976629E+01,2.902024E+01,2.911470E+01,3.675133E+01
13:20:00,2.853300E+03,1.867052E+03,2.737627E-01,1.130734E-01,0.000000E+00,0.000000E+00,0.000000E+00,0.000000E+00,0.000000E+00,0.000000E+00,0.000000E+00,0.000000E+00,2.978094E+01,2.901146E+01,3.019017E+01,3.493782E+01,2.827014E+03,2.047391E+03,2.708748E-01,1.327962E-01,0.000000E+00,0.000000E+00,0.000000E+00,0.000000E+00,0.000000E+00,0.000000E+00,0.000000E+00,0.000000E+00,2.976706E+01,2.901982E+01,2.911911E+01,3.674234E+01
13:30:00,2.854922E+03,1.867851E+03,2.739397E-01,1.130895E-01,0.000000E+00,0.000000E+00,0.000000E+00,0.000000E+00,0.000000E+00,0.000000E+00,0.000000E+00,0.000000E+00,2.978173E+01,2.901102E+01,3.019178E+01,3.493214E+01,2.828576E+03,2.046886E+03,2.710448E-01,1.327188E-01,0.000000E+00,0.000000E+00,0.000000E+00,0.000000E+00,0.000000E+00,0.000000E+00,0.000000E+00,0.000000E+00,2.976783E+01,2.901941E+01,2.912132E+01,3.673802E+01
13:40:00,2.856538E+03,1.873436E+03,2.741161E-01,1.134040E-01,0.000000E+00,0.000000E+00,0.000000E+00,0.000000E+00,0.000000E+00,0.000000E+00,0.000000E+00,0.000000E+00,2.978252E+01,2.901059E+01,3.018997E+01,3.493178E+01,2.830136E+03,2.051681E+03,2.712147E-01,1.329954E-01,0.000000E+00,0.000000E+00,0.000000E+00,0.000000E+00,0.000000E+00,0.000000E+00,0.000000E+00,0.000000E+00,2.976860E+01,2.901900E+01,2.912026E+01,3.673888E+01
13:50:00,2.858145E+03,1.883298E+03,2.742916E-01,1.139961E-01,0.000000E+00,0.000000E+00,0.000000E+00,0.000000E+00,0.000000E+00,0.000000E+00,0.000000E+00,0.000000E+00,2.978330E+01,2.901018E+01,3.018019E+01,3.494206E+01,2.831690E+03,2.061473E+03,2.713840E-01,1.336199E-01,0.000000E+00,0.000000E+00,0.000000E+00,0.000000E+00,0.000000E+00,0.000000E+00,0.000000E+00,0.000000E+00,2.976936E+01,2.901860E+01,2.911054E+01,3.675216E+01
14:00:00,2.859737E+03,1.898582E+03,2.744656E-01,1.149383E-01,0.000000E+00,0.000000E+00,0.000000E+00,0.000000E+00,0.000000E+00,0.000000E+00,0.000000E+00,0.000000E+00,2.978407E+01,2.900976E+01,3.016776E+01,3.495150E+01,2.833233E+03,2.077688E+03,2.715522E-01,1.346901E-01,0.000000E+00,0.000000E+00,0.000000E+00,0.000000E+00,0.000000E+00,0.000000E+00,0.000000E+00,0.000000E+00,2.977011E+01,2.901821E+01,2.909722E+01,3.676606E+01
14:10:00,2.861313E+03,1.918122E+03,2.746378E-01,1.161625E-01,0.000000E+00,0.000000E+00,0.000000E+00,0.000000E+00,0.000000E+00,0.000000E+00,0.000000E+00,0.000000E+00,2.978483E+01,2.900936E+01,3.015276E+01,3.495947E+01,2.834762E+03,2.099149E+03,2.717189E-01,1.361343E-01,0.000000E+00,0.000000E+00,0.000000E+00,0.000000E+00,0.000000E+00,0.000000E+00,0.000000E+00,0.000000E+00,2.977085E+01,2.901783E+01,2.908059E+01,3.677933E+01
14:20:00,2.862869E+03,1.941825E+03,2.748080E-01,1.176619E-01,0.000000E+00,0.000000E+00,0.000000E+00,0.000000E+00,0.000000E+00,0.000000E+00,0.000000E+00,0.000000E+00,2.978558E+01,2.900896E+01,3.013840E+01,3.496215E+01,2.836274E+03,2.126042E+03,2.718838E-01,1.379640E-01,0.000000E+00,0.000000E+00,0.000000E+00,0.000000E+00,0.000000E+00,0.000000E+00,0.000000E+00,0.000000E+00,2.977158E+01,2.901745E+01,2.906413E+01,3.678730E+01
14:30:00,2.864403E+03,1.968501E+03,2.749758E-01,1.193636E-01,0.000000E+00,0.000000E+00,0.000000E+00,0.000000E+00,0.000000E+00,0.000000E+00,0.000000E+00,0.000000E+00,2.978632E+01,2.900858E+01,3.012302E+01,3.496405E+01,2.837767E+03,2.157179E+03,2.720467E-01,1.401023E-01,0.000000E+00,0.000000E+00,0.000000E+00,0.000000E+00,0.000000E+00,0.000000E+00,0.000000E+00,0.000000E+00,2.977230E+01,2.901708E+01,2.904614E+01,3.679485E+01
14:40:00,2.865914E+03,1.994529E+03,2.751412E-01,1.210453E-01,0.000000E+00,0.000000E+00,0.000000E+00,0.000000E+00,0.000000E+00,0.000000E+00,0.000000E+00,0.000000E+00,2.978704E+01,2.900819E+01,3.010728E+01,3.496481E+01,2.839239E+03,2.189576E+03,2.722074E-01,1.423531E-01,0.000000E+00,0.000000E+00,0.000000E+00,0.000000E+00,0.000000E+00,0.000000E+00,0.000000E+00,0.000000E+00,2.977301E+01,2.901672E+01,2.902752E+01,3.680122E+01
14:50:00,2.867401E+03,2.022075E+03,2.753038E-01,1.228249E-01,0.000000E+00,0.000000E+00,0.000000E+00,0.000000E+00,0.000000E+00,0.000000E+00,0.000000E+00,0.000000E+00,2.978775E+01,2.900782E+01,3.009518E+01,3.495799E+01,2.840689E+03,2.223092E+03,2.723657E-01,1.446960E-01,0.000000E+00,0.000000E+00,0.000000E+00,0.000000E+00,0.000000E+00,0.000000E+00,0.000000E+00,0.000000E+00,2.977370E+01,2.901637E+01,2.900844E+01,3.680672E+01
15:00:00,2.868861E+03,2.048212E+03,2.754638E-01,1.245260E-01,0.000000E+00,0.000000E+00,0.000000E+00,0.000000E+00,0.000000E+00,0.000000E+00,0.000000E+00,0.000000E+00,2.978845E+01,2.900746E+01,3.007953E+01,3.495696E+01,2.842115E+03,2.256090E+03,2.725214E-01,1.470192E-01,0.000000E+00,0.000000E+00,0.000000E+00,0.000000E+00,0.000000E+00,0.000000E+00,0.000000E+00,0.000000E+00,2.977438E+01,2.901602E+01,2.898962E+01,3.681067E+01
15:10:00,2.870296E+03,2.072869E+03,2.756208E-01,1.261401E-01,0.000000E+00,0.000000E+00,0.000000E+00,0.000000E+00,0.000000E+00,0.000000E+00,0.000000E+00,0.000000E+00,2.978913E+01,2.900710E+01,3.006427E+01,3.495491E+01,2.843516E+03,2.287786E+03,2.726745E-01,1.492654E-01,0.000000E+00,0.000000E+00,0.000000E+00,0.000000E+00,0.000000E+00,0.000000E+00,0.000000E+00,0.000000E+00,2.977505E+01,2.901568E+01,2.897115E+01,3.681359E+01
15:20:00,2.871703E+03,2.095393E+03,2.757750E-01,1.276247E-01,0.000000E+00,0.000000E+00,0.000000E+00,0.000000E+00,0.000000E+00,0.000000E+00,0.000000E+00,0.000000E+00,2.978980E+01,2.900675E+01,3.005172E+01,3.494983E+01,2.844892E+03,2.317349E+03,2.728248E-01,1.513760E-01,0.000000E+00,0.000000E+00,0.000000E+00,0.000000E+00,0.000000E+00,0.000000E+00,0.000000E+00,0.000000E+00,2.977571E+01,2.901534E+01,2.895537E+01,3.681328E+01
15:30:00,2.873083E+03,2.115289E+03,2.759261E-01,1.289470E-01,0.000000E+00,0.000000E+00,0.000000E+00,0.000000E+00,0.000000E+00,0.000000E+00,0.000000E+00,0.000000E+00,2.979045E+01,2.900641E+01,3.003985E+01,3.494657E+01,2.846243E+03,2.344280E+03,2.729724E-01,1.533140E-01,0.000000E+00,0.000000E+00,0.000000E+00,0.000000E+00,0.000000E+00,0.000000E+00,0.000000E+00,0.000000E+00,2.977636E+01,2.901502E+01,2.894045E+01,3.681449E+01
15:40:00,2.874436E+03,2.133138E+03,2.760743E-01,1.301397E-01,0.000000E+00,0.000000E+00,0.000000E+00,0.000000E+00,0.000000E+00,0.000000E+00,0.000000E+00,0.000000E+00,2.979110E+01,2.900607E+01,3.002915E+01,3.494444E+01,2.847567E+03,2.367908E+03,2.731171E-01,1.550318E-01,0.000000E+00,0.000000E+00,0.000000E+00,0.000000E+00,0.000000E+00,0.000000E+00,0.000000E+00,0.000000E+00,2.977699E+01,2.901470E+01,2.892668E+01,3.681676E+01
15:50:00,2.875761E+03,2.146762E+03,2.762195E-01,1.310730E-01,0.000000E+00,0.000000E+00,0.000000E+00,0.000000E+00,0.000000E+00,0.000000E+00,0.000000E+00,0.000000E+00,2.979173E+01,2.900575E+01,3.001962E+01,3.494321E+01,2.848865E+03,2.388102E+03,2.732590E-01,1.565167E-01,0.000000E+00,0.000000E+00,0.000000E+00,0.000000E+00,0.000000E+00,0.000000E+00,0.000000E+00,0.000000E+00,2.977760E+01,2.901439E+01,2.891443E+01,3.681923E+01
16:00:00,2.877058E+03,2.157325E+03,2.763616E-01,1.318111E-01,0.000000E+00,0.000000E+00,0.000000E+00,0.000000E+00,0.000000E+00,0.000000E+00,0.000000E+00,0.000000E+00,2.979234E+01,2.900542E+01,3.001116E+01,3.494285E+01,2.850137E+03,2.404405E+03,2.733980E-01,1.577361E-01,0.000000E+00,0.000000E+00,0.000000E+00,0.000000E+00,0.000000E+00,0.000000E+00,0.000000E+00,0.000000E+00,2.977821E+01,2.901408E+01,2.890333E+01,3.682232E+01
16:10:00,2.754456E+03,2.289384E+03,2.645996E-01,1.399774E-01,0.000000E+00,0.000000E+00,0.000000E+00,0.000000E+00,0.000000E+00,0.000000E+00,0.000000E+00,0.000000E+00,2.979294E+01,2.900511E+01,3.000398E+01,3.494285E+01,2.727511E+03,2.541878E+03,2.616494E-01,1.669135E-01,0.000000E+00,0.000000E+00,0.000000E+00,0.000000E+00,0.000000E+00,0.000000E+00,0.000000E+00,0.000000E+00,2.977880E+01,2.901378E+01,2.889372E+01,3.682525E+01
16:20:00,2.633159E+03,2.416761E+03,2.529629E-01,1.478516E-01,0.000000E+00,0.000000E+00,0.000000E+00,0.000000E+00,0.000000E+00,0.000000E+00,0.000000E+00,0.000000E+00,2.979387E+01,2.890684E+01,2.999804E+01,3.482464E+01,2.606204E+03,2.674478E+03,2.500274E-01,1.757628E-01,0.000000E+00,0.000000E+00,0.000000E+00,0.000000E+00,0.000000E+00,0.000000E+00,0.000000E+00,0.000000E+00,2.977973E+01,2.891440E+01,2.888580E+01,3.671420E+01
16:30:00,2.512447E+03,2.541202E+03,2.413980E-01,1.555262E-01,0.000000E+00,0.000000E+00,0.000000E+00,0.000000E+00,0.000000E+00,0.000000E+00,0.000000E+00,0.000000E+00,2.979932E+01,2.877442E+01,3.000013E+01,3.465719E+01,2.485490E+03,2.803489E+03,2.384778E-01,1.843521E-01,0.000000E+00,0.000000E+00,0.000000E+00,0.000000E+00,0.000000E+00,0.000000E+00,0.000000E+00,0.000000E+00,2.978523E+01,2.878013E+01,2.888515E+01,3.656017E+01
16:40:00,2.391874E+03,2.661145E+03,2.298677E-01,1.629012E-01,0.000000E+00,0.000000E+00,0.000000E+00,0.000000E+00,0.000000E+00,0.000000E+00,0.000000E+00,0.000000E+00,2.980646E+01,2.866719E+01,3.000546E+01,3.451559E+01,2.364921E+03,2.927896E+03,2.269635E-01,1.926081E-01,0.000000E+00,0.000000E+00,0.000000E+00,0.000000E+00,0.000000E+00,0.000000E+00,0.000000E+00,0.000000E+00,2.979245E+01,2.867101E+01,2.888790E+01,3.643470E+01
16:50:00,2.271197E+03,2.779112E+03,2.183437E-01,1.701259E-01,0.000000E+00,0.000000E+00,0.000000E+00,0.000000E+00,0.000000E+00,0.000000E+00,0.000000E+00,0.000000E+00,2.981210E+01,2.860134E+01,3.001432E+01,3.441618E+01,2.244252E+03,3.049659E+03,2.154558E-01,2.006557E-01,0.000000E+00,0.000000E+00,0.000000E+00,0.000000E+00,0.000000E+00,0.000000E+00,0.000000E+00,0.000000E+00,2.979816E+01,2.860360E+01,2.889353E+01,3.635235E+01
17:00:00,2.150312E+03,2.894430E+03,2.068083E-01,1.771690E-01,0.000000E+00,0.000000E+00,0.000000E+00,0.000000E+00,0.000000E+00,0.000000E+00,0.000000E+00,0.000000E+00,2.981542E+01,2.856718E+01,3.001863E+01,3.436284E+01,2.123376E+03,3.168178E+03,2.039370E-01,2.084652E-01,0.000000E+00,0.000000E+00,0.000000E+00,0.000000E+00,0.000000E+00,0.000000E+00,0.000000E+00,0.000000E+00,2.980154E+01,2.856830E+01,2.889562E+01,3.631261E+01
17:10:00,2.102415E+03,2.934190E+03,2.022766E-01,1.795683E-01,0.000000E+00,0.000000E+00,0.000000E+00,0.000000E+00,0.000000E+00,0.000000E+00,0.000000E+00,0.000000E+00,2.981706E+01,2.855044E+01,3.002128E+01,3.433481E+01,2.075478E+03,3.210558E+03,1.994113E-01,2.112452E-01,0.000000E+00,0.000000E+00,0.000000E+00,0.000000E+00,0.000000E+00,0.000000E+00,0.000000E+00,0.000000E+00,2.980322E+01,2.855080E+01,2.889688E+01,3.629410E+01
17:20:00,2.053231E+03,2.973501E+03,1.976052E-01,1.819359E-01,0.000000E+00,0.000000E+00,0.000000E+00,0.000000E+00,0.000000E+00,0.000000E+00,0.000000E+00,0.000000E+00,2.981259E+01,2.859084E+01,3.001796E+01,3.438304E+01,2.026295E+03,3.251604E+03,1.947464E-01,2.139289E-01,0.000000E+00,0.000000E+00,0.000000E+00,0.000000E+00,0.000000E+00,0.000000E+00,0.000000E+00,0.000000E+00,2.979874E+01,2.859036E+01,2.889291E+01,3.635341E+01
17:30:00,2.002512E+03,3.012153E+03,1.927611E-01,1.842691E-01,0.000000E+00,0.000000E+00,0.000000E+00,0.000000E+00,0.000000E+00,0.000000E+00,0.000000E+00,0.000000E+00,2.981030E+01,2.864338E+01,3.001700E+01,3.444992E+01,1.975567E+03,3.291310E+03,1.899083E-01,2.165262E-01,0.000000E+00,0.000000E+00,0.000000E+00,0.000000E+00,0.000000E+00,0.000000E+00,0.000000E+00,0.000000E+00,2.979647E+01,2.864215E+01,2.889159E+01,3.642805E+01
17:40:00,1.951453E+03,3.052166E+03,1.878524E-01,1.866974E-01,0.000000E+00,0.000000E+00,0.000000E+00,0.000000E+00,0.000000E+00,0.000000E+00,0.000000E+00,0.000000E+00,2.980764E+01,2.868743E+01,3.001609E+01,3.450766E+01,1.924493E+03,3.331219E+03,1.850055E-01,2.191452E-01,0.000000E+00,0.000000E+00,0.000000E+00,0.000000E+00,0.000000E+00,0.000000E+00,0.000000E+00,0.000000E+00,2.979384E+01,2.868580E+01,2.889088E+01,3.648800E+01
17:50:00,1.900332E+03,3.091072E+03,1.829126E-01,1.890784E-01,0.000000E+00,0.000000E+00,0.000000E+00,0.000000E+00,0.000000E+00,0.000000E+00,0.000000E+00,0.000000E+00,2.980557E+01,2.871578E+01,3.001395E+01,3.455007E+01,1.873353E+03,3.369289E+03,1.800713E-01,2.216594E-01,0.000000E+00,0.000000E+00,0.000000E+00,0.000000E+00,0.000000E+00,0.000000E+00,0.000000E+00,0.000000E+00,2.979178E+01,2.871405E+01,2.888963E+01,3.652819E+01
18:00:00,1.849316E+03,3.129760E+03,1.779683E-01,1.914571E-01,0.000000E+00,0.000000E+00,0.000000E+00,0.000000E+00,0.000000E+00,0.000000E+00,0.000000E+00,0.000000E+00,2.980442E+01,2.873155E+01,3.001235E+01,3.457770E+01,1.822316E+03,3.406340E+03,1.751325E-01,2.241119E-01,0.000000E+00,0.000000E+00,0.000000E+00,0.000000E+00,0.000000E+00,0.000000E+00,0.000000E+00,0.000000E+00,2.979063E+01,2.872988E+01,2.888942E+01,3.655144E+01
18:10:00,1.540847E+03,3.512267E+03,1.482612E-01,2.194899E-01,0.000000E+00,0.000000E+00,0.000000E+00,0.000000E+00,0.000000E+00,0.000000E+00,0.000000E+00,0.000000E+00,2.894460E+01,3.001068E+01,2.823146E+01,3.795338E+01,1.518348E+03,3.870527E+03,1.458986E-01,2.619118E-01,0.000000E+00,0.000000E+00,0.000000E+00,0.000000E+00,0.000000E+00,0.000000E+00,0.000000E+00,0.000000E+00,2.894296E+01,2.998854E+01,2.684047E+01,4.074559E+01
18:20:00,1.248333E+03,3.405573E+03,1.197622E-01,2.168075E-01,0.000000E+00,0.000000E+00,0.000000E+00,0.000000E+00,0.000000E+00,0.000000E+00,0.000000E+00,0.000000E+00,2.749550E+01,3.208638E+01,2.792172E+01,3.848350E+01,1.223231E+03,3.753409E+03,1.173393E-01,2.600317E-01,0.000000E+00,0.000000E+00,0.000000E+00,0.000000E+00,0.000000E+00,0.000000E+00,0.000000E+00,0.000000E+00,2.751251E+01,3.202900E+01,2.646082E+01,4.146949E+01
18:30:00,1.124851E+03,3.591158E+03,1.039655E-01,2.337788E-01,0.000000E+00,0.000000E+00,0.000000E+00,0.000000E+00,0.000000E+00,0.000000E+00,0.000000E+00,0.000000E+00,2.693030E+01,3.277456E+01,2.817740E+01,3.791145E+01,1.096250E+03,3.967322E+03,1.013978E-01,2.827460E-01,0.000000E+00,0.000000E+00,0.000000E+00,0.000000E+00,0.000000E+00,0.000000E+00,0.000000E+00,0.000000E+00,2.691341E+01,3.277050E+01,2.675203E+01,4.076036E+01
18:40:00,9.201423E+02,3.679428E+03,8.216829E-02,2.439146E-01,0.000000E+00,0.000000E+00,0.000000E+00,0.000000E+00,0.000000E+00,0.000000E+00,0.000000E+00,0.000000E+00,2.707514E+01,3.237310E+01,2.820994E+01,3.780572E+01,8.952201E+02,4.071293E+03,8.000355E-02,2.968257E-01,0.000000E+00,0.000000E+00,0.000000E+00,0.000000E+00,0.000000E+00,0.000000E+00,0.000000E+00,0.000000E+00,2.706312E+01,3.235843E+01,2.679293E+01,4.063479E+01
18:50:00,7.464221E+02,3.763883E+03,6.277603E-02,2.536401E-01,0.000000E+00,0.000000E+00,0.000000E+00,0.000000E+00,0.000000E+00,0.000000E+00,0.000000E+00,0.000000E+00,2.713642E+01,3.203497E+01,2.825410E+01,3.773266E+01,7.216552E+02,4.169328E+03,6.074306E-02,3.102133E-01,0.000000E+00,0.000000E+00,0.000000E+00,0.000000E+00,0.000000E+00,0.000000E+00,0.000000E+00,0.000000E+00,2.712419E+01,3.201668E+01,2.684600E+01,4.054826E+01
19:00:00,5.850382E+02,3.832169E+03,4.437122E-02,2.621322E-01,0.000000E+00,0.000000E+00,0.000000E+00,0.000000E+00,0.000000E+00,0.000000E+00,0.000000E+00,0.000000E+00,2.718874E+01,3.181170E+01,2.829100E+01,3.769751E+01,5.612912E+02,4.248449E+03,4.253362E-02,3.219612E-01,0.000000E+00,0.000000E+00,0.000000E+00,0.000000E+00,0.000000E+00,0.000000E+00,0.000000E+00,0.000000E+00,2.717621E+01,3.178954E+01,2.689065E+01,4.050114E+01
19:10:00,7.404121E+02,3.498581E+03,5.629738E-02,2.412321E-01,0.000000E+00,0.000000E+00,0.000000E+00,0.000000E+00,0.000000E+00,0.000000E+00,0.000000E+00,0.000000E+00,2.722385E+01,3.169164E+01,2.833466E+01,3.765592E+01,7.129388E+02,3.839593E+03,5.416294E-02,2.940461E-01,0.000000E+00,0.000000E+00,0.000000E+00,0.000000E+00,0.000000E+00,0.000000E+00,0.000000E+00,0.000000E+00,2.721197E+01,3.166476E+01,2.694196E+01,4.044144E+01
19:20:00,8.851489E+02,3.643021E+03,6.745978E-02,2.501694E-01,0.000000E+00,0.000000E+00,0.000000E+00,0.000000E+00,0.000000E+00,0.000000E+00,0.000000E+00,0.000000E+00,2.725266E+01,3.162927E+01,2.836802E+01,3.763531E+01,8.610781E+02,3.998141E+03,6.556259E-02,3.045773E-01,0.000000E+00,0.000000E+00,0.000000E+00,0.000000E+00,0.000000E+00,0.000000E+00,0.000000E+00,0.000000E+00,2.724085E+01,3.159948E+01,2.698275E+01,4.040181E+01
19:30:00,8.673086E+02,3.483039E+03,6.645891E-02,2.385224E-01,0.000000E+00,0.000000E+00,0.000000E+00,0.000000E+00,0.000000E+00,0.000000E+00,0.000000E+00,0.000000E+00,2.727401E+01,3.160650E+01,2.840213E+01,3.761233E+01,8.474840E+02,3.808249E+03,6.487823E-02,2.890358E-01,0.000000E+00,0.000000E+00,0.000000E+00,0.000000E+00,0.000000E+00,0.000000E+00,0.000000E+00,0.000000E+00,2.726226E+01,3.157458E+01,2.702415E+01,4.035887E+01
19:40:00,9.351870E+02,3.406655E+03,7.183070E-02,2.326708E-01,0.000000E+00,0.000000E+00,0.000000E+00,0.000000E+00,0.000000E+00,0.000000E+00,0.000000E+00,0.000000E+00,2.729193E+01,3.160561E+01,2.843989E+01,3.758321E+01,9.123944E+02,3.714426E+03,7.001523E-02,2.808858E-01,0.000000E+00,0.000000E+00,0.000000E+00,0.000000E+00,0.000000E+00,0.000000E+00,0.000000E+00,0.000000E+00,2.728020E+01,3.157226E+01,2.707832E+01,4.029012E+01
19:50:00,9.764435E+02,3.319223E+03,7.515523E-02,2.261029E-01,0.000000E+00,0.000000E+00,0.000000E+00,0.000000E+00,0.000000E+00,0.000000E+00,0.000000E+00,0.000000E+00,2.730647E+01,3.161987E+01,2.848200E+01,3.754913E+01,9.541743E+02,3.608444E+03,7.337294E-02,2.718874E-01,0.000000E+00,0.000000E+00,0.000000E+00,0.000000E+00,0.000000E+00,0.000000E+00,0.000000E+00,0.000000E+00,2.729475E+01,3.158565E+01,2.712894E+01,4.023378E+01
20:00:00,1.008862E+03,3.231892E+03,7.777800E-02,2.195563E-01,0.000000E+00,0.000000E+00,0.000000E+00,0.000000E+00,0.000000E+00,0.000000E+00,0.000000E+00,0.000000E+00,2.731931E+01,3.164268E+01,2.852900E+01,3.751091E+01,9.862218E+02,3.502971E+03,7.596246E-02,2.629666E-01,0.000000E+00,0.000000E+00,0.000000E+00,0.000000E+00,0.000000E+00,0.000000E+00,0.000000E+00,0.000000E+00,2.730758E+01,3.160804E+01,2.718343E+01,4.017515E+01
20:10:00,1.036227E+03,3.130093E+03,7.999600E-02,2.120505E-01,0.000000E+00,0.000000E+00,0.000000E+00,0.000000E+00,0.000000E+00,0.000000E+00,0.000000E+00,0.000000E+00,2.732997E+01,3.167188E+01,2.858138E+01,3.746909E+01,1.013421E+03,3.381796E+03,7.816315E-02,2.529188E-01,0.000000E+00,0.000000E+00,0.000000E+00,0.000000E+00,0.000000E+00,0.000000E+00,0.000000E+00,0.000000E+00,2.731820E+01,3.163717E+01,2.724329E+01,4.011230E+01
20:20:00,1.061022E+03,3.020510E+03,8.200165E-02,2.039820E-01,0.000000E+00,0.000000E+00,0.000000E+00,0.000000E+00,0.000000E+00,0.000000E+00,0.000000E+00,0.000000E+00,2.733964E+01,3.170354E+01,2.865112E+01,3.740355E+01,1.037982E+03,3.252105E+03,8.014682E-02,2.422046E-01,0.000000E+00,0.000000E+00,0.000000E+00,0.000000E+00,0.000000E+00,0.000000E+00,0.000000E+00,0.000000E+00,2.732783E+01,3.166903E+01,2.732184E+01,4.002093E+01
20:30:00,1.083054E+03,2.903691E+03,8.378435E-02,1.953919E-01,0.000000E+00,0.000000E+00,0.000000E+00,0.000000E+00,0.000000E+00,0.000000E+00,0.000000E+00,0.000000E+00,2.734792E+01,3.173675E+01,2.872492E+01,3.734251E+01,1.059812E+03,3.117708E+03,8.191037E-02,2.311155E-01,0.000000E+00,0.000000E+00,0.000000E+00,0.000000E+00,0.000000E+00,0.000000E+00,0.000000E+00,0.000000E+00,2.733606E+01,3.170266E+01,2.740456E+01,3.993445E+01
20:40:00,1.103128E+03,2.785875E+03,8.540775E-02,1.867174E-01,0.000000E+00,0.000000E+00,0.000000E+00,0.000000E+00,0.000000E+00,0.000000E+00,0.000000E+00,0.000000E+00,2.735561E+01,3.176933E+01,2.879760E+01,3.729449E+01,1.079695E+03,2.981055E+03,8.351570E-02,2.198828E-01,0.000000E+00,0.000000E+00,0.000000E+00,0.000000E+00,0.000000E+00,0.000000E+00,0.000000E+00,0.000000E+00,2.734369E+01,3.173580E+01,2.748510E+01,3.986434E+01
20:50:00,1.121311E+03,2.683021E+03,8.687876E-02,1.790481E-01,0.000000E+00,0.000000E+00,0.000000E+00,0.000000E+00,0.000000E+00,0.000000E+00,0.000000E+00,0.000000E+00,2.736238E+01,3.180116E+01,2.885985E+01,3.727247E+01,1.097698E+03,2.862897E+03,8.496977E-02,2.100424E-01,0.000000E+00,0.000000E+00,0.000000E+00,0.000000E+00,0.000000E+00,0.000000E+00,0.000000E+00,0.000000E+00,2.735040E+01,3.176831E+01,2.755246E+01,3.982749E+01
21:00:00,1.137946E+03,2.589370E+03,8.822459E-02,1.720878E-01,0.000000E+00,0.000000E+00,0.000000E+00,0.000000E+00,0.000000E+00,0.000000E+00,0.000000E+00,0.000000E+00,2.736877E+01,3.183111E+01,2.888092E+01,3.732321E+01,1.114166E+03,2.756500E+03,8.629974E-02,2.012139E-01,0.000000E+00,0.000000E+00,0.000000E+00,0.000000E+00,0.000000E+00,0.000000E+00,0.000000E+00,0.000000E+00,2.735673E+01,3.179899E+01,2.757544E+01,3.987440E+01
21:10:00,1.153266E+03,2.514888E+03,8.946405E-02,1.665138E-01,0.000000E+00,0.000000E+00,0.000000E+00,0.000000E+00,0.000000E+00,0.000000E+00,0.000000E+00,0.000000E+00,2.737418E+01,3.185988E+01,2.889753E+01,3.736849E+01,1.129328E+03,2.672986E+03,8.752428E-02,1.942285E-01,0.000000E+00,0.000000E+00,0.000000E+00,0.000000E+00,0.000000E+00,0.000000E+00,0.000000E+00,0.000000E+00,2.736208E+01,3.182853E+01,2.759292E+01,3.991582E+01
21:20:00,1.167503E+03,2.456670E+03,9.061597E-02,1.621571E-01,0.000000E+00,0.000000E+00,0.000000E+00,0.000000E+00,0.000000E+00,0.000000E+00,0.000000E+00,0.000000E+00,2.737967E+01,3.188580E+01,2.891341E+01,3.740216E+01,1.143416E+03,2.609150E+03,8.866215E-02,1.888834E-01,0.000000E+00,0.000000E+00,0.000000E+00,0.000000E+00,0.000000E+00,0.000000E+00,0.000000E+00,0.000000E+00,2.736751E+01,3.185522E+01,2.760925E+01,3.994451E+01
21:30:00,1.180702E+03,2.414193E+03,9.168465E-02,1.589788E-01,0.000000E+00,0.000000E+00,0.000000E+00,0.000000E+00,0.000000E+00,0.000000E+00,0.000000E+00,0.000000E+00,2.738471E+01,3.190992E+01,2.892811E+01,3.742881E+01,1.156475E+03,2.563993E+03,8.971762E-02,1.850962E-01,0.000000E+00,0.000000E+00,0.000000E+00,0.000000E+00,0.000000E+00,0.000000E+00,0.000000E+00,0.000000E+00,2.737249E+01,3.188012E+01,2.762400E+01,3.996608E+01
21:40:00,1.193086E+03,2.383057E+03,9.268760E-02,1.566707E-01,0.000000E+00,0.000000E+00,0.000000E+00,0.000000E+00,0.000000E+00,0.000000E+00,0.000000E+00,0.000000E+00,2.738955E+01,3.193202E+01,2.894261E+01,3.744989E+01,1.168728E+03,2.532003E+03,9.070812E-02,1.824386E-01,0.000000E+00,0.000000E+00,0.000000E+00,0.000000E+00,0.000000E+00,0.000000E+00,0.000000E+00,0.000000E+00,2.737727E+01,3.190297E+01,2.763829E+01,3.998221E+01
21:50:00,1.204650E+03,2.348695E+03,9.362495E-02,1.542439E-01,0.000000E+00,0.000000E+00,0.000000E+00,0.000000E+00,0.000000E+00,0.000000E+00,0.000000E+00,0.000000E+00,2.739403E+01,3.195249E+01,2.895632E+01,3.746867E+01,1.180169E+03,2.497009E+03,9.163378E-02,1.796971E-01,0.000000E+00,0.000000E+00,0.000000E+00,0.000000E+00,0.000000E+00,0.000000E+00,0.000000E+00,0.000000E+00,2.738169E+01,3.192418E+01,2.765150E+01,3.999658E+01
22:00:00,1.215711E+03,2.318593E+03,9.452141E-02,1.521156E-01,0.000000E+00,0.000000E+00,0.000000E+00,0.000000E+00,0.000000E+00,0.000000E+00,0.000000E+00,0.000000E+00,2.739835E+01,3.197119E+01,2.896985E+01,3.748519E+01,1.191114E+03,2.466736E+03,9.251915E-02,1.773249E-01,0.000000E+00,0.000000E+00,0.000000E+00,0.000000E+00,0.000000E+00,0.000000E+00,0.000000E+00,0.000000E+00,2.738596E+01,3.194358E+01,2.766434E+01,4.000901E+01
22:10:00,3.218490E+03,1.919356E+03,3.526573E-01,1.258587E-01,0.000000E+00,0.000000E+00,0.000000E+00,0.000000E+00,0.000000E+00,0.000000E+00,0.000000E+00,0.000000E+00,3.389313E+01,2.351404E+01,3.175370E+01,3.121345E+01,3.191192E+03,2.042752E+03,3.493254E-01,1.467641E-01,0.000000E+00,0.000000E+00,0.000000E+00,0.000000E+00,0.000000E+00,0.000000E+00,0.000000E+00,0.000000E+00,3.388166E+01,2.351733E+01,3.185173E+01,3.022374E+01
22:20:00,3.753787E+03,1.525373E+03,4.518575E-01,9.997492E-02,0.000000E+00,0.000000E+00,0.000000E+00,0.000000E+00,0.000000E+00,0.000000E+00,0.000000E+00,0.000000E+00,3.402659E+01,2.361976E+01,3.239471E+01,3.025675E+01,3.723141E+03,1.624100E+03,4.476008E-01,1.166240E-01,0.000000E+00,0.000000E+00,0.000000E+00,0.000000E+00,0.000000E+00,0.000000E+00,0.000000E+00,0.000000E+00,3.401817E+01,2.362507E+01,3.242228E+01,2.934489E+01
22:30:00,4.719076E+03,1.136744E+03,6.182617E-01,7.446807E-02,0.000000E+00,0.000000E+00,0.000000E+00,0.000000E+00,0.000000E+00,0.000000E+00,0.000000E+00,0.000000E+00,3.371431E+01,2.409434E+01,3.258637E+01,3.028218E+01,4.683638E+03,1.210858E+03,6.124702E-01,8.690548E-02,0.000000E+00,0.000000E+00,0.000000E+00,0.000000E+00,0.000000E+00,0.000000E+00,0.000000E+00,0.000000E+00,3.369750E+01,2.411297E+01,3.236000E+01,2.981416E+01
22:40:00,5.297405E+03,7.530059E+02,7.266009E-01,4.930664E-02,0.000000E+00,0.000000E+00,0.000000E+00,0.000000E+00,0.000000E+00,0.000000E+00,0.000000E+00,0.000000E+00,3.382453E+01,2.389984E+01,3.273921E+01,3.051884E+01,5.259890E+03,8.024687E+02,7.198026E-01,5.756677E-02,0.000000E+00,0.000000E+00,0.000000E+00,0.000000E+00,0.000000E+00,0.000000E+00,0.000000E+00,0.000000E+00,3.380649E+01,2.391886E+01,3.226213E+01,3.052191E+01
22:50:00,5.878102E+03,3.741969E+02,8.343267E-01,2.449118E-02,0.000000E+00,0.000000E+00,0.000000E+00,0.000000E+00,0.000000E+00,0.000000E+00,0.000000E+00,0.000000E+00,3.376855E+01,2.394452E+01,3.280689E+01,3.077802E+01,5.837891E+03,3.989703E+02,8.264286E-01,2.860744E-02,0.000000E+00,0.000000E+00,0.000000E+00,0.000000E+00,0.000000E+00,0.000000E+00,0.000000E+00,0.000000E+00,3.375008E+01,2.396360E+01,3.223977E+01,3.097884E+01
23:00:00,6.431040E+03,0.000000E+00,9.364612E-01,0.000000E+00,0.000000E+00,0.000000E+00,0.000000E+00,0.000000E+00,0.000000E+00,0.000000E+00,0.000000E+00,0.000000E+00,3.369790E+01,2.404414E+01,3.292892E+01,3.126414E+01,6.388534E+03,0.000000E+00,9.275558E-01,0.000000E+00,0.000000E+00,0.000000E+00,0.000000E+00,0.000000E+00,0.000000E+00,0.000000E+00,0.000000E+00,0.000000E+00,3.367937E+01,2.406358E+01,3.224510E+01,3.174781E+01
23:10:00,4.970367E+03,0.000000E+00,7.769302E-01,0.000000E+00,0.000000E+00,0.000000E+00,0.000000E+00,0.000000E+00,0.000000E+00,0.000000E+00,0.000000E+00,0.000000E+00,3.363218E+01,2.413748E+01,3.302872E+01,3.176634E+01,4.928319E+03,0.000000E+00,7.683896E-01,0.000000E+00,0.000000E+00,0.000000E+00,0.000000E+00,0.000000E+00,0.000000E+00,0.000000E+00,0.000000E+00,0.000000E+00,3.361385E+01,2.415715E+01,3.230282E+01,3.240071E+01
23:20:00,4.961272E+03,0.000000E+00,7.730119E-01,0.000000E+00,0.000000E+00,0.000000E+00,0.000000E+00,0.000000E+00,0.000000E+00,0.000000E+00,0.000000E+00,0.000000E+00,3.357402E+01,2.420816E+01,3.310448E+01,3.225975E+01,4.920465E+03,0.000000E+00,7.644756E-01,0.000000E+00,0.000000E+00,0.000000E+00,0.000000E+00,0.000000E+00,0.000000E+00,0.000000E+00,0.000000E+00,0.000000E+00,3.355592E+01,2.422776E+01,3.237121E+01,3.297676E+01
23:30:00,4.506585E+03,0.000000E+00,6.988673E-01,0.000000E+00,0.000000E+00,0.000000E+00,0.000000E+00,0.000000E+00,0.000000E+00,0.000000E+00,0.000000E+00,0.000000E+00,3.352762E+01,2.425666E+01,3.316070E+01,3.273619E+01,4.468583E+03,0.000000E+00,6.909831E-01,0.000000E+00,0.000000E+00,0.000000E+00,0.000000E+00,0.000000E+00,0.000000E+00,0.000000E+00,0.000000E+00,0.000000E+00,3.350975E+01,2.427594E+01,3.243016E+01,3.351173E+01
23:40:00,4.426752E+03,0.000000E+00,6.804162E-01,0.000000E+00,0.000000E+00,0.000000E+00,0.000000E+00,0.000000E+00,0.000000E+00,0.000000E+00,0.000000E+00,0.000000E+00,3.348729E+01,2.429718E+01,3.320397E+01,3.319087E+01,4.388947E+03,0.000000E+00,6.726880E-01,0.000000E+00,0.000000E+00,0.000000E+00,0.000000E+00,0.000000E+00,0.000000E+00,0.000000E+00,0.000000E+00,0.000000E+00,3.346963E+01,2.431607E+01,3.247736E+01,3.401794E+01
23:50:00,4.332562E+03,0.000000E+00,6.603618E-01,0.000000E+00,0.000000E+00,0.000000E+00,0.000000E+00,0.000000E+00,0.000000E+00,0.000000E+00,0.000000E+00,0.000000E+00,3.345402E+01,2.433091E+01,3.323789E+01,3.362359E+01,4.295670E+03,0.000000E+00,6.529107E-01,0.000000E+00,0.000000E+00,0.000000E+00,0.000000E+00,0.000000E+00,0.000000E+00,0.000000E+00,0.000000E+00,0.000000E+00,3.343656E+01,2.434942E+01,3.251586E+01,3.449690E+01
24:00:00,4.256381E+03,0.000000E+00,6.440793E-01,0.000000E+00,0.000000E+00,0.000000E+00,0.000000E+00,0.000000E+00,0.000000E+00,0.000000E+00,0.000000E+00,0.000000E+00,3.342418E+01,2.436194E+01,3.326415E+01,3.403567E+01,4.220086E+03,0.000000E+00,6.368373E-01,0.000000E+00,0.000000E+00,0.000000E+00,0.000000E+00,0.000000E+00,0.000000E+00,0.000000E+00,0.000000E+00,0.000000E+00,3.340688E+01,2.438016E+01,3.254810E+01,3.494877E+01
Peak,6.431040E+03,3.832169E+03,9.364612E-01,2.621322E-01,0.000000E+00,0.000000E+00,0.000000E+00,0.000000E+00,0.000000E+00,0.000000E+00,0.000000E+00,0.000000E+00,,,,,6.388534E+03,4.248449E+03,9.275558E-01,3.219612E-01,0.000000E+00,0.000000E+00,0.000000E+00,0.000000E+00,0.000000E+00,0.000000E+00,0.000000E+00,0.000000E+00,,,,

Peak Vol Flow (m3/s),,,7.804565E-01,2.184637E-01,,,0.000000E+00,0.000000E+00,,,,,,,,,,,7.730346E-01,2.683258E-01,,,0.000000E+00,0.000000E+00,,,,,,,,
